{
  "Config 3" : {
    "transaction" : "Config 3",
    "sampleCount" : 8000,
    "errorCount" : 2,
    "errorPct" : 0.025,
    "meanResTime" : 566.9473749999992,
    "medianResTime" : 550.0,
    "minResTime" : 507.0,
    "maxResTime" : 1021.0,
    "pct1ResTime" : 628.0,
    "pct2ResTime" : 662.0,
    "pct3ResTime" : 695.0,
    "throughput" : 5.324278510346737,
    "receivedKBytesPerSec" : 1.2010823592676723,
    "sentKBytesPerSec" : 0.8267190265089172
  },
  "Total" : {
    "transaction" : "Total",
    "sampleCount" : 8000,
    "errorCount" : 2,
    "errorPct" : 0.025,
    "meanResTime" : 566.9473749999992,
    "medianResTime" : 550.0,
    "minResTime" : 507.0,
    "maxResTime" : 1021.0,
    "pct1ResTime" : 628.0,
    "pct2ResTime" : 662.0,
    "pct3ResTime" : 695.0,
    "throughput" : 5.324278510346737,
    "receivedKBytesPerSec" : 1.2010823592676723,
    "sentKBytesPerSec" : 0.8267190265089172
  }
}