{
  "Config 2" : {
    "transaction" : "Config 2",
    "sampleCount" : 40,
    "errorCount" : 40,
    "errorPct" : 100.0,
    "meanResTime" : 912.95,
    "medianResTime" : 912.0,
    "minResTime" : 908.0,
    "maxResTime" : 926.0,
    "pct1ResTime" : 916.9,
    "pct2ResTime" : 924.95,
    "pct3ResTime" : 926.0,
    "throughput" : 0.2741509886570029,
    "receivedKBytesPerSec" : 0.061844607792741854,
    "sentKBytesPerSec" : 0.04256836640279634
  },
  "Config 3" : {
    "transaction" : "Config 3",
    "sampleCount" : 40,
    "errorCount" : 0,
    "errorPct" : 0.0,
    "meanResTime" : 514.3000000000001,
    "medianResTime" : 512.5,
    "minResTime" : 509.0,
    "maxResTime" : 526.0,
    "pct1ResTime" : 525.0,
    "pct2ResTime" : 525.95,
    "pct3ResTime" : 526.0,
    "throughput" : 0.2749121999161518,
    "receivedKBytesPerSec" : 0.06201632634827252,
    "sentKBytesPerSec" : 0.0426865622916681
  },
  "Config 1" : {
    "transaction" : "Config 1",
    "sampleCount" : 40,
    "errorCount" : 40,
    "errorPct" : 100.0,
    "meanResTime" : 1316.5500000000002,
    "medianResTime" : 1312.5,
    "minResTime" : 1308.0,
    "maxResTime" : 1343.0,
    "pct1ResTime" : 1327.9,
    "pct2ResTime" : 1328.0,
    "pct3ResTime" : 1343.0,
    "throughput" : 0.2734145374509563,
    "receivedKBytesPerSec" : 0.06167847475700283,
    "sentKBytesPerSec" : 0.042454015092482464
  },
  "Total" : {
    "transaction" : "Total",
    "sampleCount" : 120,
    "errorCount" : 80,
    "errorPct" : 66.666664,
    "meanResTime" : 914.6000000000001,
    "medianResTime" : 912.0,
    "minResTime" : 509.0,
    "maxResTime" : 1343.0,
    "pct1ResTime" : 1323.9,
    "pct2ResTime" : 1326.95,
    "pct3ResTime" : 1339.85,
    "throughput" : 0.7080439695305079,
    "receivedKBytesPerSec" : 0.15972476265776106,
    "sentKBytesPerSec" : 0.10994042105014722
  }
}