{
  "Config 3" : {
    "transaction" : "Config 3",
    "sampleCount" : 1000,
    "errorCount" : 246,
    "errorPct" : 24.6,
    "meanResTime" : 11018.044,
    "medianResTime" : 9047.5,
    "minResTime" : 526.0,
    "maxResTime" : 25338.0,
    "pct1ResTime" : 23866.5,
    "pct2ResTime" : 24612.25,
    "pct3ResTime" : 25202.87,
    "throughput" : 30.80240258740182,
    "receivedKBytesPerSec" : 6.987934121361466,
    "sentKBytesPerSec" : 4.782794933004774
  },
  "Total" : {
    "transaction" : "Total",
    "sampleCount" : 1000,
    "errorCount" : 246,
    "errorPct" : 24.6,
    "meanResTime" : 11018.044,
    "medianResTime" : 9047.5,
    "minResTime" : 526.0,
    "maxResTime" : 25338.0,
    "pct1ResTime" : 23866.5,
    "pct2ResTime" : 24612.25,
    "pct3ResTime" : 25202.87,
    "throughput" : 30.80240258740182,
    "receivedKBytesPerSec" : 6.987934121361466,
    "sentKBytesPerSec" : 4.782794933004774
  }
}